<?xml version="1.0" encoding="UTF-8"?>
<Kinetis>
    <MK02 alt_title="MK02 ">
        <MK02F12810>
            <MK02FN128xxx10 romLen=0x00020000 ramLen=0x00004000 cpu_core=cortex-m4 />
            <MK02FN64xxx10 romLen=0x00010000 ramLen=0x00004000 cpu_core=cortex-m4 />
        </MK02F12810>
    </MK02>
    <MK10 alt_title="MK10 ">
        <MK10D10>
            <MK10DN512xxx10 romLen=0x00080000 ramLen=0x00020000 cpu_core=cortex-m4 />
            <MK10DX128xxx10 romLen=0x00040000 ramLen=0x00009000 cpu_core=cortex-m4 />
            <MK10DX256xxx10 romLen=0x00080000 ramLen=0x00011000 cpu_core=cortex-m4 />
        </MK10D10>
        <MK10D5>
            <MK10DN128xxx5 romLen=0x00020000 ramLen=0x00004000 cpu_core=cortex-m4 />
            <MK10DN32xxx5 romLen=0x00008000 ramLen=0x00002000 cpu_core=cortex-m4 />
            <MK10DN64xxx5 romLen=0x00010000 ramLen=0x00004000 cpu_core=cortex-m4 />
            <MK10DX128xxx5 romLen=0x00028000 ramLen=0x00004800 cpu_core=cortex-m4 />
            <MK10DX32xxx5 romLen=0x00010000 ramLen=0x00002800 cpu_core=cortex-m4 />
            <MK10DX64xxx5 romLen=0x00018000 ramLen=0x00004800 cpu_core=cortex-m4 />
        </MK10D5>
        <MK10D7>
            <MK10DX128xxx7 romLen=0x00028000 ramLen=0x00008800 cpu_core=cortex-m4 />
            <MK10DX256xxx7 romLen=0x00048000 ramLen=0x00010800 cpu_core=cortex-m4 />
            <MK10DX64xxx7 romLen=0x00018000 ramLen=0x00004800 cpu_core=cortex-m4 />
        </MK10D7>
        <MK10DZ10>
            <MK10DN512Zxxx10 cpu_core=cortex-m4 />
            <MK10DX128Zxxx10 cpu_core=cortex-m4 />
            <MK10DX256Zxxx10 cpu_core=cortex-m4 />
        </MK10DZ10>
        <MK10F12>
            <MK10FN1M0xxx12 romLen=0x00100000 ramLen=0x00020000 cpu_core=cortex-m4 />
            <MK10FX512xxx12 romLen=0x00080000 ramLen=0x00024000 cpu_core=cortex-m4 />
        </MK10F12>
    </MK10>
    <MK11 alt_title="MK11 ">
        <MK11D5>
            <MK11DN512xxx5 cpu_core=cortex-m4 />
            <MK11DX128xxx5 cpu_core=cortex-m4 />
            <MK11DX256xxx5 cpu_core=cortex-m4 />
        </MK11D5>
        <MK11DA5>
            <MK11DN512Axxx5 romLen=0x00080000 ramLen=0x00010000 cpu_core=cortex-m4 />
            <MK11DX128Axxx5 romLen=0x00030000 ramLen=0x00009000 cpu_core=cortex-m4 />
            <MK11DX256Axxx5 romLen=0x00050000 ramLen=0x00009000 cpu_core=cortex-m4 />
        </MK11DA5>
    </MK11>
    <MK12 alt_title="MK12 ">
        <MK12D5>
            <MK12DN512xxx5 romLen=0x00080000 ramLen=0x00010000 cpu_core=cortex-m4 />
            <MK12DX128xxx5 romLen=0x00030000 ramLen=0x00009000 cpu_core=cortex-m4 />
            <MK12DX256xxx5 romLen=0x00050000 ramLen=0x00009000 cpu_core=cortex-m4 />
        </MK12D5>
    </MK12>
    <MK20 alt_title="MK20 ">
        <MK20D10>
            <MK20DN512xxx10 romLen=0x00080000 ramLen=0x00020000 cpu_core=cortex-m4 />
            <MK20DX128xxx10 romLen=0x00040000 ramLen=0x00009000 cpu_core=cortex-m4 />
            <MK20DX256xxx10 romLen=0x00080000 ramLen=0x00011000 cpu_core=cortex-m4 />
        </MK20D10>
        <MK20D5>
            <MK20DN128xxx5 romLen=0x00020000 ramLen=0x00004000 cpu_core=cortex-m4 />
            <MK20DN32xxx5 romLen=0x00008000 ramLen=0x00002000 cpu_core=cortex-m4 />
            <MK20DN64xxx5 romLen=0x00010000 ramLen=0x00004000 cpu_core=cortex-m4 />
            <MK20DX128xxx5 romLen=0x00028000 ramLen=0x00004800 cpu_core=cortex-m4 />
            <MK20DX32xxx5 romLen=0x00010000 ramLen=0x00002800 cpu_core=cortex-m4 />
            <MK20DX64xxx5 romLen=0x00018000 ramLen=0x00004800 cpu_core=cortex-m4 />
        </MK20D5>
        <MK20D7>
            <MK20DX128xxx7 romLen=0x00028000 ramLen=0x00008800 cpu_core=cortex-m4 />
            <MK20DX256xxx7 romLen=0x00048000 ramLen=0x00010800 cpu_core=cortex-m4 />
            <MK20DX64xxx7 romLen=0x00018000 ramLen=0x00004800 cpu_core=cortex-m4 />
        </MK20D7>
        <MK20DZ10>
            <MK20DN512Zxxx10 romLen=0x00080000 ramLen=0x00020000 cpu_core=cortex-m4 />
            <MK20DX128Zxxx10 cpu_core=cortex-m4 />
            <MK20DX256Zxxx10 cpu_core=cortex-m4 />
        </MK20DZ10>
        <MK20F12>
            <MK20FN1M0xxx12 romLen=0x00100000 ramLen=0x00020000 cpu_core=cortex-m4 />
            <MK20FX512xxx12 romLen=0x00080000 ramLen=0x00024000 cpu_core=cortex-m4 />
        </MK20F12>
    </MK20>
    <MK21 alt_title="MK21 ">
        <MK21D5>
            <MK21DN512xxx5 cpu_core=cortex-m4 />
            <MK21DX128xxx5 cpu_core=cortex-m4 />
            <MK21DX256xxx5 cpu_core=cortex-m4 />
        </MK21D5>
        <MK21DA5>
            <MK21DN512Axxx5 romLen=0x00080000 ramLen=0x00010000 cpu_core=cortex-m4 />
            <MK21DX128Axxx5 romLen=0x00030000 ramLen=0x00009000 cpu_core=cortex-m4 />
            <MK21DX256Axxx5 romLen=0x00050000 ramLen=0x00009000 cpu_core=cortex-m4 />
        </MK21DA5>
        <MK21F12>
            <MK21FN1M0xxx12 cpu_core=cortex-m4 />
            <MK21FX512xxx12 cpu_core=cortex-m4 />
        </MK21F12>
        <MK21FA12>
            <MK21FN1M0Axxx12 romLen=0x00100000 ramLen=0x00020000 cpu_core=cortex-m4 />
            <MK21FX512Axxx12 romLen=0x000A0000 ramLen=0x00021000 cpu_core=cortex-m4 />
        </MK21FA12>
    </MK21>
    <MK22 alt_title="MK22 ">
        <MK22D5>
            <MK22DN512xxx5 romLen=0x00080000 ramLen=0x00010000 cpu_core=cortex-m4 />
            <MK22DX128xxx5 romLen=0x00030000 ramLen=0x00009000 cpu_core=cortex-m4 />
            <MK22DX256xxx5 romLen=0x00050000 ramLen=0x00009000 cpu_core=cortex-m4 />
        </MK22D5>
        <MK22F12>
            <MK22FN1M0xxx12 cpu_core=cortex-m4 />
            <MK22FX512xxx12 cpu_core=cortex-m4 />
        </MK22F12>
        <MK22F12810>
            <MK22FN128xxx10 romLen=0x00020000 ramLen=0x00006000 cpu_core=cortex-m4 />
        </MK22F12810>
        <MK22F25612>
            <MK22FN128xxx12 romLen=0x00020000 ramLen=0x0000C000 cpu_core=cortex-m4 />
            <MK22FN256xxx12 romLen=0x00040000 ramLen=0x0000C000 cpu_core=cortex-m4 />
        </MK22F25612>
        <MK22F51212>
            <MK22FN512xxx12 romLen=0x00080000 ramLen=0x00020000 cpu_core=cortex-m4 />
        </MK22F51212>
        <MK22FA12>
            <MK22FN1M0Axxx12 romLen=0x00100000 ramLen=0x00020000 cpu_core=cortex-m4 />
            <MK22FX512Axxx12 romLen=0x000A0000 ramLen=0x00021000 cpu_core=cortex-m4 />
        </MK22FA12>
    </MK22>
    <MK24 alt_title="MK24 ">
        <MK24F12>
            <MK24FN1M0xxx12 romLen=0x00100000 ramLen=0x00040000 cpu_core=cortex-m4 />
        </MK24F12>
        <MK24F25612>
            <MK24FN256xxx12 romLen=0x00040000 ramLen=0x00040000 cpu_core=cortex-m4 />
        </MK24F25612>
    </MK24>
    <MK26 alt_title="MK26 ">
        <MK26F18>
            <MK26FN2M0xxx18 romLen=0x00200000 ramLen=0x00040000 cpu_core=cortex-m4 />
        </MK26F18>
    </MK26>
    <MK30 alt_title="MK30 ">
        <MK30D10>
            <MK30DN512xxx10 romLen=0x00080000 ramLen=0x00020000 cpu_core=cortex-m4 />
            <MK30DX128xxx10 cpu_core=cortex-m4 />
            <MK30DX256xxx10 romLen=0x00080000 ramLen=0x00011000 cpu_core=cortex-m4 />
        </MK30D10>
        <MK30D7>
            <MK30DX128xxx7 romLen=0x00028000 ramLen=0x00008800 cpu_core=cortex-m4 />
            <MK30DX256xxx7 romLen=0x00048000 ramLen=0x00010800 cpu_core=cortex-m4 />
            <MK30DX64xxx7 romLen=0x00018000 ramLen=0x00004800 cpu_core=cortex-m4 />
        </MK30D7>
        <MK30DZ10>
            <MK30DN512Zxxx10 cpu_core=cortex-m4 />
            <MK30DX128Zxxx10 cpu_core=cortex-m4 />
            <MK30DX256Zxxx10 cpu_core=cortex-m4 />
        </MK30DZ10>
    </MK30>
    <MK40 alt_title="MK40 ">
        <MK40D10>
            <MK40DN512xxx10 romLen=0x00080000 ramLen=0x00020000 cpu_core=cortex-m4 />
            <MK40DX128xxx10 romLen=0x00040000 ramLen=0x00009000 cpu_core=cortex-m4 />
            <MK40DX256xxx10 romLen=0x00080000 ramLen=0x00011000 cpu_core=cortex-m4 />
        </MK40D10>
        <MK40D7>
            <MK40DX128xxx7 romLen=0x00028000 ramLen=0x00008800 cpu_core=cortex-m4 />
            <MK40DX256xxx7 romLen=0x00048000 ramLen=0x00010800 cpu_core=cortex-m4 />
            <MK40DX64xxx7 romLen=0x00018000 ramLen=0x00004800 cpu_core=cortex-m4 />
        </MK40D7>
        <MK40DZ10>
            <MK40DN512Zxxx10 cpu_core=cortex-m4 />
            <MK40DX128Zxxx10 cpu_core=cortex-m4 />
            <MK40DX256Zxxx10 cpu_core=cortex-m4 />
        </MK40DZ10>
    </MK40>
    <MK50 alt_title="MK50 ">
        <MK50D10>
            <MK50DN512xxx10 romLen=0x00080000 ramLen=0x00020000 cpu_core=cortex-m4 />
            <MK50DX256xxx10 romLen=0x00080000 ramLen=0x00011000 cpu_core=cortex-m4 />
        </MK50D10>
        <MK50D7>
            <MK50DX128xxx7 romLen=0x00028000 ramLen=0x00008800 cpu_core=cortex-m4 />
            <MK50DX256xxx7 romLen=0x00048000 ramLen=0x00010800 cpu_core=cortex-m4 />
        </MK50D7>
        <MK50DZ10>
            <MK50DN512Zxxx10 cpu_core=cortex-m4 />
            <MK50DX256Zxxx10 cpu_core=cortex-m4 />
        </MK50DZ10>
    </MK50>
    <MK51 alt_title="MK51 ">
        <MK51D10>
            <MK51DN256xxx10 romLen=0x00040000 ramLen=0x00010000 cpu_core=cortex-m4 />
            <MK51DN512xxx10 romLen=0x00080000 ramLen=0x00020000 cpu_core=cortex-m4 />
            <MK51DX256xxx10 romLen=0x00080000 ramLen=0x00011000 cpu_core=cortex-m4 />
        </MK51D10>
        <MK51D7>
            <MK51DX128xxx7 romLen=0x00028000 ramLen=0x00008800 cpu_core=cortex-m4 />
            <MK51DX256xxx7 romLen=0x00048000 ramLen=0x00010800 cpu_core=cortex-m4 />
        </MK51D7>
        <MK51DZ10>
            <MK51DN256Zxxx10 cpu_core=cortex-m4 />
            <MK51DN512Zxxx10 cpu_core=cortex-m4 />
            <MK51DX256Zxxx10 cpu_core=cortex-m4 />
        </MK51DZ10>
    </MK51>
    <MK52 alt_title="MK52 ">
        <MK52D10>
            <MK52DN512xxx10 romLen=0x00080000 ramLen=0x00020000 cpu_core=cortex-m4 />
        </MK52D10>
        <MK52DZ10>
            <MK52DN512Zxxx10 cpu_core=cortex-m4 />
        </MK52DZ10>
    </MK52>
    <MK53 alt_title="MK53 ">
        <MK53D10>
            <MK53DN512xxx10 romLen=0x00080000 ramLen=0x00020000 cpu_core=cortex-m4 />
            <MK53DX256xxx10 romLen=0x00080000 ramLen=0x00011000 cpu_core=cortex-m4 />
        </MK53D10>
        <MK53DZ10>
            <MK53DN512Zxxx10 cpu_core=cortex-m4 />
            <MK53DX256Zxxx10 cpu_core=cortex-m4 />
        </MK53DZ10>
    </MK53>
    <MK60 alt_title="MK60 ">
        <MK60D10>
            <MK60DN256xxx10 romLen=0x00040000 ramLen=0x00010000 cpu_core=cortex-m4 />
            <MK60DN512xxx10 romLen=0x00080000 ramLen=0x00020000 cpu_core=cortex-m4 />
            <MK60DX256xxx10 romLen=0x00080000 ramLen=0x00011000 cpu_core=cortex-m4 />
        </MK60D10>
        <MK60DZ10>
            <MK60DN256Zxxx10 cpu_core=cortex-m4 />
            <MK60DN512Zxxx10 romLen=0x00080000 ramLen=0x00020000 cpu_core=cortex-m4 />
            <MK60DX256Zxxx10 cpu_core=cortex-m4 />
        </MK60DZ10>
        <MK60F12>
            <MK60FN1M0xxx12 romLen=0x00100000 ramLen=0x00020000 cpu_core=cortex-m4 />
            <MK60FN1M0xxx15 romLen=0x00100000 ramLen=0x00020000 cpu_core=cortex-m4 />
            <MK60FX512xxx12 romLen=0x00100000 ramLen=0x00024000 cpu_core=cortex-m4 />
            <MK60FX512xxx15 romLen=0x00100000 ramLen=0x00024000 cpu_core=cortex-m4 />
        </MK60F12>
        <MK60F15>
            <MK60FN1M0xxx12 romLen=0x00100000 ramLen=0x00020000 cpu_core=cortex-m4 />
            <MK60FN1M0xxx15 romLen=0x00100000 ramLen=0x00020000 cpu_core=cortex-m4 />
            <MK60FX512xxx12 romLen=0x00100000 ramLen=0x00024000 cpu_core=cortex-m4 />
            <MK60FX512xxx15 romLen=0x00100000 ramLen=0x00024000 cpu_core=cortex-m4 />
        </MK60F15>
    </MK60>
    <MK61 alt_title="MK61 ">
        <MK61F12>
            <MK61FN1M0xxx12 romLen=0x00100000 ramLen=0x00020000 cpu_core=cortex-m4 />
            <MK61FN1M0xxx15 romLen=0x00100000 ramLen=0x00020000 cpu_core=cortex-m4 />
            <MK61FX512xxx12 romLen=0x00100000 ramLen=0x00024000 cpu_core=cortex-m4 />
            <MK61FX512xxx15 romLen=0x00100000 ramLen=0x00024000 cpu_core=cortex-m4 />
        </MK61F12>
        <MK61F15>
            <MK61FN1M0xxx12 romLen=0x00100000 ramLen=0x00020000 cpu_core=cortex-m4 />
            <MK61FN1M0xxx15 romLen=0x00100000 ramLen=0x00020000 cpu_core=cortex-m4 />
            <MK61FX512xxx12 romLen=0x00100000 ramLen=0x00024000 cpu_core=cortex-m4 />
            <MK61FX512xxx15 romLen=0x00100000 ramLen=0x00024000 cpu_core=cortex-m4 />
        </MK61F15>
    </MK61>
    <MK63 alt_title="MK63 ">
        <MK63F12>
            <MK63FN1M0xxx12 romLen=0x00100000 ramLen=0x00040000 cpu_core=cortex-m4 />
        </MK63F12>
    </MK63>
    <MK64 alt_title="MK64 ">
        <MK64F12>
            <MK64FN1M0xxx12 romLen=0x00100000 ramLen=0x00040000 cpu_core=cortex-m4 />
            <MK64FX512xxx12 romLen=0x000A0000 ramLen=0x00041000 cpu_core=cortex-m4 />
        </MK64F12>
    </MK64>
    <MK65 alt_title="MK65 ">
        <MK65F18>
            <MK65FN2M0xxx18 romLen=0x00200000 ramLen=0x00040000 cpu_core=cortex-m4 />
            <MK65FX1M0xxx18 romLen=0x00140000 ramLen=0x00041000 cpu_core=cortex-m4 />
        </MK65F18>
    </MK65>
    <MK66 alt_title="MK66 ">
        <MK66F18>
            <MK66FN2M0xxx18 romLen=0x00200000 ramLen=0x00040000 cpu_core=cortex-m4 />
            <MK66FX1M0xxx18 romLen=0x00140000 ramLen=0x00041000 cpu_core=cortex-m4 />
        </MK66F18>
    </MK66>
    <MK70 alt_title="MK70 ">
        <MK70F12>
            <MK70FN1M0xxx12 romLen=0x00100000 ramLen=0x00020000 cpu_core=cortex-m4 />
            <MK70FN1M0xxx15 romLen=0x00100000 ramLen=0x00020000 cpu_core=cortex-m4 />
            <MK70FX512xxx12 romLen=0x00100000 ramLen=0x00024000 cpu_core=cortex-m4 />
            <MK70FX512xxx15 romLen=0x00100000 ramLen=0x00024000 cpu_core=cortex-m4 />
        </MK70F12>
        <MK70F15>
            <MK70FN1M0xxx12 romLen=0x00100000 ramLen=0x00020000 cpu_core=cortex-m4 />
            <MK70FN1M0xxx15 romLen=0x00100000 ramLen=0x00020000 cpu_core=cortex-m4 />
            <MK70FX512xxx12 romLen=0x00100000 ramLen=0x00024000 cpu_core=cortex-m4 />
            <MK70FX512xxx15 romLen=0x00100000 ramLen=0x00024000 cpu_core=cortex-m4 />
        </MK70F15>
    </MK70>
    <MK80 alt_title="MK80 ">
        <MK80F25615>
            <MK80FN256xxx15 romLen=0x00040000 ramLen=0x00040000 cpu_core=cortex-m4 />
        </MK80F25615>
    </MK80>
    <MKE0 alt_title="MKE0 ">
        <MKE02Z2>
            <MKE02Z16xxx2 romLen=0x00000000 ramLen=0x00000800 cpu_core=cortex-m0plus />
            <MKE02Z16xxx4 romLen=0x00000000 ramLen=0x00000800 cpu_core=cortex-m0plus />
            <MKE02Z32xxx2 romLen=0x00000000 ramLen=0x00001000 cpu_core=cortex-m0plus />
            <MKE02Z32xxx4 romLen=0x00000000 ramLen=0x00001000 cpu_core=cortex-m0plus />
            <MKE02Z64xxx2 romLen=0x00000000 ramLen=0x00001000 cpu_core=cortex-m0plus />
            <MKE02Z64xxx4 romLen=0x00000000 ramLen=0x00001000 cpu_core=cortex-m0plus />
            <SKEAZN16xxx2 cpu_core=cortex-m4 />
            <SKEAZN32xxx2 cpu_core=cortex-m4 />
            <SKEAZN64xxx2 cpu_core=cortex-m4 />
        </MKE02Z2>
        <MKE02Z4>
            <MKE02Z16xxx2 romLen=0x00000000 ramLen=0x00000800 cpu_core=cortex-m0plus />
            <MKE02Z16xxx4 romLen=0x00000000 ramLen=0x00000800 cpu_core=cortex-m0plus />
            <MKE02Z32xxx2 romLen=0x00000000 ramLen=0x00001000 cpu_core=cortex-m0plus />
            <MKE02Z32xxx4 romLen=0x00000000 ramLen=0x00001000 cpu_core=cortex-m0plus />
            <MKE02Z64xxx2 romLen=0x00000000 ramLen=0x00001000 cpu_core=cortex-m0plus />
            <MKE02Z64xxx4 romLen=0x00000000 ramLen=0x00001000 cpu_core=cortex-m0plus />
            <SKEAZN16xxx2 cpu_core=cortex-m4 />
            <SKEAZN32xxx2 cpu_core=cortex-m4 />
            <SKEAZN64xxx2 cpu_core=cortex-m4 />
        </MKE02Z4>
        <MKE04Z1284>
            <MKE04Z128xxx4 romLen=0x00000000 ramLen=0x00004000 cpu_core=cortex-m0plus />
            <MKE04Z64xxx4 romLen=0x00000000 ramLen=0x00002000 cpu_core=cortex-m0plus />
        </MKE04Z1284>
        <MKE04Z4>
            <MKE04Z8xxx4 romLen=0x00000000 ramLen=0x00000400 cpu_core=cortex-m0plus />
            <SKEAZN8xxx4 cpu_core=cortex-m4 />
        </MKE04Z4>
        <MKE06Z4>
            <MKE06Z128xxx4 romLen=0x00000000 ramLen=0x00004000 cpu_core=cortex-m0plus />
            <MKE06Z64xxx4 romLen=0x00000000 ramLen=0x00002000 cpu_core=cortex-m0plus />
        </MKE06Z4>
    </MKE0>
    <MKL0 alt_title="MKL0 ">
        <MKL02Z4>
            <MKL02Z16xxx4 romLen=0x00004000 ramLen=0x00000800 cpu_core=cortex-m0plus />
            <MKL02Z32xxx4 romLen=0x00008000 ramLen=0x00001000 cpu_core=cortex-m0plus />
            <MKL02Z8xxx4 romLen=0x00002000 ramLen=0x00000400 cpu_core=cortex-m0plus />
        </MKL02Z4>
        <MKL03Z4>
            <MKL03Z16xxx4 romLen=0x00004000 ramLen=0x00000800 cpu_core=cortex-m0plus />
            <MKL03Z32xxx4 romLen=0x00008000 ramLen=0x00000800 cpu_core=cortex-m0plus />
            <MKL03Z8xxx4 romLen=0x00002000 ramLen=0x00000800 cpu_core=cortex-m0plus />
        </MKL03Z4>
        <MKL04Z4>
            <MKL04Z16xxx4 romLen=0x00004000 ramLen=0x00000800 cpu_core=cortex-m0plus />
            <MKL04Z32xxx4 romLen=0x00008000 ramLen=0x00001000 cpu_core=cortex-m0plus />
            <MKL04Z8xxx4 romLen=0x00002000 ramLen=0x00000400 cpu_core=cortex-m0plus />
        </MKL04Z4>
        <MKL05Z4>
            <MKL05Z16xxx4 romLen=0x00004000 ramLen=0x00000800 cpu_core=cortex-m0plus />
            <MKL05Z32xxx4 romLen=0x00008000 ramLen=0x00001000 cpu_core=cortex-m0plus />
            <MKL05Z8xxx4 romLen=0x00002000 ramLen=0x00000400 cpu_core=cortex-m0plus />
        </MKL05Z4>
    </MKL0>
    <MKL1 alt_title="MKL1 ">
        <MKL13Z644>
            <MKL13Z32xxx4 romLen=0x00008000 ramLen=0x00001000 cpu_core=cortex-m0plus />
            <MKL13Z32xxx4 romLen=0x00008000 ramLen=0x00001000 cpu_core=cortex-m0plus />
            <MKL13Z64xxx4 romLen=0x00010000 ramLen=0x00002000 cpu_core=cortex-m0plus />
            <MKL13Z64xxx4 romLen=0x00010000 ramLen=0x00002000 cpu_core=cortex-m0plus />
        </MKL13Z644>
        <MKL14Z4>
            <MKL14Z32xxx4 romLen=0x00008000 ramLen=0x00001000 cpu_core=cortex-m0plus />
            <MKL14Z64xxx4 romLen=0x00010000 ramLen=0x00002000 cpu_core=cortex-m0plus />
        </MKL14Z4>
        <MKL15Z4>
            <MKL15Z128xxx4 romLen=0x00020000 ramLen=0x00004000 cpu_core=cortex-m0plus />
            <MKL15Z32xxx4 romLen=0x00008000 ramLen=0x00001000 cpu_core=cortex-m0plus />
            <MKL15Z64xxx4 romLen=0x00010000 ramLen=0x00002000 cpu_core=cortex-m0plus />
        </MKL15Z4>
        <MKL16Z4>
            <MKL16Z128xxx4 romLen=0x00020000 ramLen=0x00004000 cpu_core=cortex-m0plus />
            <MKL16Z256xxx4 romLen=0x00040000 ramLen=0x00008000 cpu_core=cortex-m0plus />
            <MKL16Z32xxx4 romLen=0x00008000 ramLen=0x00001000 cpu_core=cortex-m0plus />
            <MKL16Z64xxx4 romLen=0x00010000 ramLen=0x00002000 cpu_core=cortex-m0plus />
        </MKL16Z4>
        <MKL17Z4>
            <MKL17Z128xxx4 romLen=0x00020000 ramLen=0x00008000 cpu_core=cortex-m0plus />
            <MKL17Z256xxx4 romLen=0x00040000 ramLen=0x00008000 cpu_core=cortex-m0plus />
        </MKL17Z4>
        <MKL17Z644>
            <MKL17Z32xxx4 romLen=0x00008000 ramLen=0x00002000 cpu_core=cortex-m0plus />
            <MKL17Z64xxx4 romLen=0x00010000 ramLen=0x00004000 cpu_core=cortex-m0plus />
        </MKL17Z644>
    </MKL1>
    <MKL2 alt_title="MKL2 ">
        <MKL24Z4>
            <MKL24Z32xxx4 romLen=0x00008000 ramLen=0x00001000 cpu_core=cortex-m0plus />
            <MKL24Z64xxx4 romLen=0x00010000 ramLen=0x00002000 cpu_core=cortex-m0plus />
        </MKL24Z4>
        <MKL25Z4>
            <MKL25Z128xxx4 romLen=0x00020000 ramLen=0x00004000 cpu_core=cortex-m0plus />
            <MKL25Z32xxx4 romLen=0x00008000 ramLen=0x00001000 cpu_core=cortex-m0plus />
            <MKL25Z64xxx4 romLen=0x00010000 ramLen=0x00002000 cpu_core=cortex-m0plus />
        </MKL25Z4>
        <MKL26Z4>
            <MKL26Z128xxx4 romLen=0x00020000 ramLen=0x00004000 cpu_core=cortex-m0plus />
            <MKL26Z256xxx4 romLen=0x00040000 ramLen=0x00008000 cpu_core=cortex-m0plus />
            <MKL26Z32xxx4 romLen=0x00008000 ramLen=0x00001000 cpu_core=cortex-m0plus />
            <MKL26Z64xxx4 romLen=0x00010000 ramLen=0x00002000 cpu_core=cortex-m0plus />
        </MKL26Z4>
        <MKL27Z4>
            <MKL27Z128xxx4 romLen=0x00020000 ramLen=0x00008000 cpu_core=cortex-m0plus />
            <MKL27Z256xxx4 romLen=0x00040000 ramLen=0x00008000 cpu_core=cortex-m0plus />
        </MKL27Z4>
        <MKL27Z644>
            <MKL27Z32xxx4 romLen=0x00008000 ramLen=0x00002000 cpu_core=cortex-m0plus />
            <MKL27Z64xxx4 romLen=0x00010000 ramLen=0x00004000 cpu_core=cortex-m0plus />
        </MKL27Z644>
    </MKL2>
    <MKL3 alt_title="MKL3 ">
        <MKL33Z4>
            <MKL33Z128xxx4 romLen=0x00020000 ramLen=0x00004000 cpu_core=cortex-m0plus />
            <MKL33Z256xxx4 romLen=0x00040000 ramLen=0x00008000 cpu_core=cortex-m0plus />
        </MKL33Z4>
        <MKL33Z644>
            <MKL33Z32xxx4 romLen=0x00008000 ramLen=0x00001000 cpu_core=cortex-m0plus />
            <MKL33Z32xxx4 romLen=0x00008000 ramLen=0x00001000 cpu_core=cortex-m0plus />
            <MKL33Z64xxx4 romLen=0x00010000 ramLen=0x00002000 cpu_core=cortex-m0plus />
            <MKL33Z64xxx4 romLen=0x00010000 ramLen=0x00002000 cpu_core=cortex-m0plus />
        </MKL33Z644>
        <MKL34Z4>
            <MKL34Z64xxx4 romLen=0x00010000 ramLen=0x00002000 cpu_core=cortex-m0plus />
        </MKL34Z4>
        <MKL36Z4>
            <MKL36Z128xxx4 romLen=0x00020000 ramLen=0x00004000 cpu_core=cortex-m0plus />
            <MKL36Z256xxx4 romLen=0x00040000 ramLen=0x00008000 cpu_core=cortex-m0plus />
            <MKL36Z64xxx4 romLen=0x00010000 ramLen=0x00002000 cpu_core=cortex-m0plus />
        </MKL36Z4>
    </MKL3>
    <MKL4 alt_title="MKL4 ">
        <MKL43Z4>
            <MKL43Z128xxx4 romLen=0x00020000 ramLen=0x00004000 cpu_core=cortex-m0plus />
            <MKL43Z256xxx4 romLen=0x00040000 ramLen=0x00008000 cpu_core=cortex-m0plus />
            <MKL43Z64xxx4 cpu_core=cortex-m4 />
        </MKL43Z4>
        <MKL46Z4>
            <MKL46Z128xxx4 romLen=0x00020000 ramLen=0x00004000 cpu_core=cortex-m0plus />
            <MKL46Z256xxx4 romLen=0x00040000 ramLen=0x00008000 cpu_core=cortex-m0plus />
        </MKL46Z4>
    </MKL4>
    <MKM3 alt_title="MKM3 ">
        <MKM34Z7>
            <MKM34Z256xxx7 cpu_core=cortex-m4 />
            <MKM34Z256xxx7 cpu_core=cortex-m4 />
        </MKM34Z7>
    </MKM3>
    <MKV1 alt_title="MKV1 ">
        <MKV10Z1287>
            <MKV10Z128xxx7 romLen=0x00020000 ramLen=0x00004000 cpu_core=cortex-m0plus />
            <MKV10Z128xxx7 romLen=0x00020000 ramLen=0x00004000 cpu_core=cortex-m0plus />
            <MKV10Z64xxx7 romLen=0x00010000 ramLen=0x00004000 cpu_core=cortex-m0plus />
            <MKV10Z64xxx7 romLen=0x00010000 ramLen=0x00004000 cpu_core=cortex-m0plus />
        </MKV10Z1287>
        <MKV10Z7>
            <MKV10Z16xxx7 romLen=0x00004000 ramLen=0x00002000 cpu_core=cortex-m0plus />
            <MKV10Z16xxx7 romLen=0x00004000 ramLen=0x00002000 cpu_core=cortex-m0plus />
            <MKV10Z32xxx7 romLen=0x00008000 ramLen=0x00002000 cpu_core=cortex-m0plus />
            <MKV10Z32xxx7 romLen=0x00008000 ramLen=0x00002000 cpu_core=cortex-m0plus />
        </MKV10Z7>
        <MKV11Z7>
            <MKV11Z128xxx7 romLen=0x00020000 ramLen=0x00004000 cpu_core=cortex-m0plus />
            <MKV11Z128xxx7 romLen=0x00020000 ramLen=0x00004000 cpu_core=cortex-m0plus />
            <MKV11Z64xxx7 romLen=0x00010000 ramLen=0x00004000 cpu_core=cortex-m0plus />
            <MKV11Z64xxx7 romLen=0x00010000 ramLen=0x00004000 cpu_core=cortex-m0plus />
        </MKV11Z7>
    </MKV1>
    <MKV3 alt_title="MKV3 ">
        <MKV30F12810>
            <MKV30F128xxx10 romLen=0x00020000 ramLen=0x00004000 cpu_core=cortex-m4f />
            <MKV30F64xxx10 romLen=0x00010000 ramLen=0x00004000 cpu_core=cortex-m4f />
        </MKV30F12810>
        <MKV31F12810>
            <MKV31F128xxx10 romLen=0x00020000 ramLen=0x00006000 cpu_core=cortex-m4f />
        </MKV31F12810>
        <MKV31F25612>
            <MKV31F256xxx12 romLen=0x00040000 ramLen=0x0000C000 cpu_core=cortex-m4f />
        </MKV31F25612>
        <MKV31F51212>
            <MKV31F512xxx12 romLen=0x00080000 ramLen=0x00018000 cpu_core=cortex-m4f />
        </MKV31F51212>
    </MKV3>
    <MKV4 alt_title="MKV4 ">
        <MKV40F15>
            <MKV40F128xxx15 cpu_core=cortex-m4 />
            <MKV40F128xxx15 cpu_core=cortex-m4 />
            <MKV40F256xxx15 cpu_core=cortex-m4 />
            <MKV40F256xxx15 cpu_core=cortex-m4 />
            <MKV40F64xxx15 cpu_core=cortex-m4 />
            <MKV40F64xxx15 cpu_core=cortex-m4 />
        </MKV40F15>
        <MKV43F15>
            <MKV43F128xxx15 cpu_core=cortex-m4 />
            <MKV43F128xxx15 cpu_core=cortex-m4 />
            <MKV43F64xxx15 cpu_core=cortex-m4 />
            <MKV43F64xxx15 cpu_core=cortex-m4 />
        </MKV43F15>
        <MKV44F15>
            <MKV44F128xxx15 cpu_core=cortex-m4 />
            <MKV44F128xxx15 cpu_core=cortex-m4 />
            <MKV44F64xxx15 cpu_core=cortex-m4 />
            <MKV44F64xxx15 cpu_core=cortex-m4 />
        </MKV44F15>
        <MKV45F15>
            <MKV45F128xxx15 cpu_core=cortex-m4 />
            <MKV45F128xxx15 cpu_core=cortex-m4 />
            <MKV45F256xxx15 cpu_core=cortex-m4 />
            <MKV45F256xxx15 cpu_core=cortex-m4 />
        </MKV45F15>
        <MKV46F15>
            <MKV46F128xxx15 cpu_core=cortex-m4 />
            <MKV46F128xxx15 cpu_core=cortex-m4 />
            <MKV46F256xxx15 cpu_core=cortex-m4 />
            <MKV46F256xxx15 cpu_core=cortex-m4 />
        </MKV46F15>
    </MKV4>
    <MKW0 alt_title="MKW0 ">
        <MKW01Z4>
            <MKW01Z128xxx4 cpu_core=cortex-m4 />
            <MKW01Z128xxx4 cpu_core=cortex-m4 />
        </MKW01Z4>
    </MKW0>
    <MKW2 alt_title="MKW2 ">
        <MKW20Z4>
            <MKW20Z160xxx4 romLen=0x00028000 ramLen=0x00005000 cpu_core=cortex-m0plus />
            <MKW20Z160xxx4 romLen=0x00028000 ramLen=0x00005000 cpu_core=cortex-m0plus />
        </MKW20Z4>
        <MKW21D5>
            <MKW21D256xxx5 romLen=0x00040000 ramLen=0x00008000 cpu_core=cortex-m4 />
            <MKW21D512xxx5 romLen=0x00080000 ramLen=0x00010000 cpu_core=cortex-m4 />
        </MKW21D5>
        <MKW22D5>
            <MKW22D512xxx5 romLen=0x00080000 ramLen=0x00010000 cpu_core=cortex-m4 />
        </MKW22D5>
        <MKW24D5>
            <MKW24D512xxx5 romLen=0x00080000 ramLen=0x00010000 cpu_core=cortex-m4 />
        </MKW24D5>
    </MKW2>
    <MKW3 alt_title="MKW3 ">
        <MKW30Z4>
            <MKW30Z160xxx4 romLen=0x00028000 ramLen=0x00005000 cpu_core=cortex-m0plus />
            <MKW30Z160xxx4 romLen=0x00028000 ramLen=0x00005000 cpu_core=cortex-m0plus />
        </MKW30Z4>
    </MKW3>
    <MKW4 alt_title="MKW4 ">
        <MKW40Z4>
            <MKW40Z160xxx4 romLen=0x00028000 ramLen=0x00005000 cpu_core=cortex-m0plus />
            <MKW40Z160xxx4 romLen=0x00028000 ramLen=0x00005000 cpu_core=cortex-m0plus />
        </MKW40Z4>
    </MKW4>
    <SKEA alt_title="SKEA ">
        <SKEAZ1284>
            <SKEAZ128xxx4 cpu_core=cortex-m4 />
            <SKEAZ64xxx4 cpu_core=cortex-m4 />
        </SKEAZ1284>
        <SKEAZN642>
            <MKE02Z16xxx2 romLen=0x00000000 ramLen=0x00000800 cpu_core=cortex-m0plus />
            <MKE02Z16xxx4 romLen=0x00000000 ramLen=0x00000800 cpu_core=cortex-m0plus />
            <MKE02Z32xxx2 romLen=0x00000000 ramLen=0x00001000 cpu_core=cortex-m0plus />
            <MKE02Z32xxx4 romLen=0x00000000 ramLen=0x00001000 cpu_core=cortex-m0plus />
            <MKE02Z64xxx2 romLen=0x00000000 ramLen=0x00001000 cpu_core=cortex-m0plus />
            <MKE02Z64xxx4 romLen=0x00000000 ramLen=0x00001000 cpu_core=cortex-m0plus />
            <SKEAZN16xxx2 cpu_core=cortex-m4 />
            <SKEAZN32xxx2 cpu_core=cortex-m4 />
            <SKEAZN64xxx2 cpu_core=cortex-m4 />
        </SKEAZN642>
        <SKEAZN84>
            <MKE04Z8xxx4 romLen=0x00000000 ramLen=0x00000400 cpu_core=cortex-m0plus />
            <SKEAZN8xxx4 cpu_core=cortex-m4 />
        </SKEAZN84>
    </SKEA>
</Kinetis>
